mean,std
79.56845092773438,150.2446746826172
